line_name,specimen__id,specimen__name,specimen__hemisphere,structure__id,structure__name,structure__acronym,structure_parent__id,structure_parent__acronym,structure__layer,nr__max_euclidean_distance,nr__number_stems,nr__number_bifurcations,nr__average_contraction,nr__average_parent_daughter_ratio,nrwkf__id,erwkf__id,ef__upstroke_downstroke_ratio_long_square,ef__adaptation,ef__f_i_curve_slope,ef__threshold_i_long_square,ef__tau,ef__avg_isi,ef__avg_firing_rate,ef__ri,ef__peak_t_ramp,ef__vrest,si__height,si__width,si__path,csl__x,csl__y,csl__z,csl__normalized_depth,cell_reporter_status,m__glif,m__biophys_perisomatic,m__biophys_all_active,tag__apical,tag__dendrite_type,morph_thumb_path,ephys_thumb_path,ephys_inst_thresh_thumb_path,id,
Cux2-CreERT2,486560376,Cux2-CreERT2,Ai14-209118.03.01.01,left,721,"Primary visual area, layer 4",VISp4,385,VISp,4,375.4218949881,6,29,0.9046682773,0.9004304973,508278898,496453742,4.586706002,0.2610853812,0.1329749232,110,19.0657315164,199.75,5.0062578223,156.8750441074,4.2584716667,-80.403678894,7561,7599,/external/mousecelltypes/prod520/specimen_486560376/min_xy_486560376.aff,8951.29,1116.41,2877.54,0.3676773505,cre reporter positive,2,1,0,intact,spiny,/api/v2/well_known_file_download/508279122,/api/v2/well_known_file_download/486561182,/api/v2/well_known_file_download/491383715,63
Scnn1a-Tg3-Cre,476218657,Scnn1a-Tg3-Cre,Ai14-187852.04.02.01,right,721,"Primary visual area, layer 4",VISp4,385,VISp,4,476.9212230497,8,31,0.8661359522,0.8665817264,484775245,491201432,4.5042944831,0.0825362574,0.0942528731,130,19.8171190301,103.197,9.6902041726,156.5625071526,6.013595,-76.8808288574,5747,5755,/external/mousecelltypes/prod382/specimen_476218657/min_xy_476218657.aff,8416.71,1015.11,8306.39,0.4624726181,cre reporter positive,2,1,1,intact,spiny,/api/v2/well_known_file_download/487661798,/api/v2/well_known_file_download/487633010,/api/v2/well_known_file_download/491383320,823
Rbp4-Cre_KL100,479704527,Rbp4-Cre_KL100,Ai14-196623.04.01.01,left,721,"Primary visual area, layer 4",VISp4,385,VISp,4,514.7808904147,10,50,0.8827751005,0.9237186693,491119550,487097054,4.4211335176,0.0999321565,0.1053142776,120.0000076294,23.6902741263,125.9235714286,7.9413249533,120.1563253999,5.8050616667,-74.2126541138,9422,11259,/external/mousecelltypes/prod435/specimen_479704527/min_xy_479704527.aff,8924.38,1168.12,2922.25,0.4878009774,cre reporter negative,2,1,1,intact,spiny,/api/v2/well_known_file_download/491373559,/api/v2/well_known_file_download/483108099,/api/v2/well_known_file_download/491382878,514
Htr3a-Cre_NO152,464188580,Htr3a-Cre_NO152,Ai14-178910.03.01.01,left,821,"Primary visual area, layer 2/3",VISp2/3,385,VISp,2/3,132.6449290495,4,20,0.8801799396,0.9358722336,491120335,491198387,4.3532473755,0.0013113764,0.2099567106,170,10.1795026689,86.0090909091,11.626677941,111.5625426173,7.0641766667,-78.3290176392,5762,5758,/external/mousecelltypes/prod312/specimen_464188580/min_xy_464188580.aff,8329.39,654.259,3444.78,0.2532582641,cre reporter positive,5,1,1,NA,aspiny,/api/v2/well_known_file_download/487661102,/api/v2/well_known_file_download/487611643,/api/v2/well_known_file_download/491381642,133
Rbp4-Cre_KL100,485838981,Rbp4-Cre_KL100,Ai14-204744.04.02.01,right,778,"Primary visual area, layer 5",VISp5,385,VISp,5,599.4633644048,7,62,0.9078769537,0.863328765,508279022,491316597,4.2805741868,0.0484987688,0.1241935466,190,14.0124088272,127.4021428571,7.8491615414,95.6248864532,7.47414,-73.8727722168,9399,7582,/external/mousecelltypes/prod506/specimen_485838981/min_xy_485838981.aff,8286.34,1050.56,8296.59,0.5446136623,cre reporter positive,5,1,0,intact,spiny,/api/v2/well_known_file_download/508279173,/api/v2/well_known_file_download/485860065,/api/v2/well_known_file_download/491378448,532
Rorb-IRES2-Cre,473020156,Rorb-IRES2-Cre-D,Ai14-181710.05.02.01,right,721,"Primary visual area, layer 4",VISp4,385,VISp,4,420.2033020961,8,23,0.8635339855,0.8497787965,491771277,496390161,4.217187821,0.0286463871,0.2477653781,70,22.2966963946,64.1967857143,15.5771038826,195.0000375509,3.4326983333,-76.7340316772,7594,7590,/external/mousecelltypes/prod351/specimen_473020156/min_xy_473020156.aff,8078.08,833.139,8074.48,0.4067183573,cre reporter positive,5,1,1,intact,spiny,/api/v2/well_known_file_download/487661716,/api/v2/well_known_file_download/487629700,/api/v2/well_known_file_download/491381939,605
Cux2-CreERT2,486239338,Cux2-CreERT2,Ai14-207760.03.01.01,left,721,"Primary visual area, layer 4",VISp4,385,VISp,4,418.4490889513,10,29,0.9091427894,0.9244541793,496163978,515381484,4.1923051698,0.0455405854,0.1518750078,110,20.4431337158,75.4083333333,13.2611338269,171.2500452995,3.7240733333,-78.4160385132,7570,5738,/external/mousecelltypes/prod507/specimen_486239338/min_xy_486239338.aff,8880.53,1167.58,2817.15,0.4032454711,cre reporter positive,5,1,1,intact,spiny,/api/v2/well_known_file_download/516608131,/api/v2/well_known_file_download/486240027,/api/v2/well_known_file_download/491377321,60
Htr3a-Cre_NO152,469753383,Htr3a-Cre_NO152,Ai14-178904.04.01.01,left,821,"Primary visual area, layer 2/3",VISp2/3,385,VISp,2/3,107.8975330684,7,29,0.8897665851,1.0851937961,491120307,491198023,4.1838029923,0.0175217292,0.1399999826,249.9999847412,8.0619059661,75.90375,13.1745796486,104.3749973178,9.0321625,-79.1691741943,3890,3896,/external/mousecelltypes/prod286/specimen_469753383/min_xy_469753383.aff,8284.1,846.479,8587.21,0.1895365478,cre reporter positive,5,1,1,NA,aspiny,/api/v2/well_known_file_download/487660871,/api/v2/well_known_file_download/487610194,/api/v2/well_known_file_download/491383420,135
Rbp4-Cre_KL100,479728896,Rbp4-Cre_KL100,Ai14-196624.06.02.01,right,721,"Primary visual area, layer 4",VISp4,385,VISp,4,442.7927329572,5,23,0.8991506438,0.8585668968,491253816,496573497,4.1430693985,0.0388427171,0.1852272812,90,18.1879194474,76.5104545455,13.0701092542,135.937422514,4.8456883333,-83.6219711304,7582,5752,/external/mousecelltypes/prod428/specimen_479728896/min_xy_479728896.aff,7937.42293628,1036.02756656,8237.36496456,0.4817632672,cre reporter negative,5,1,0,intact,spiny,/api/v2/well_known_file_download/487686016,/api/v2/well_known_file_download/491376483,/api/v2/well_known_file_download/491376489,518
Cux2-CreERT2,486146717,Cux2-CreERT2,Ai14-205221.03.01.01,right,721,"Primary visual area, layer 4",VISp4,385,VISp,4,436.1823864299,8,35,0.9115088482,0.8997774509,500961568,496197138,4.114900527,0.2123690515,0.1006455843,70,21.9768924098,175.1916666667,5.7080340579,231.0811723982,3.7662166667,-78.2009353638,7595,5755,/external/mousecelltypes/prod535/specimen_486146717/min_xy_486146717.aff,8946.03,1442.79,8981.98,0.4219613184,cre reporter positive,5,1,0,intact,spiny,/api/v2/well_known_file_download/501086521,/api/v2/well_known_file_download/486149277,/api/v2/well_known_file_download/491380180,54
Cux2-CreERT2,483101699,Cux2-CreERT2,Ai14-198018.04.01.01,left,573,"Lateral visual area, layer 4",VISl4,409,VISl,4,293.794587748,6,33,0.9047207141,0.8245308964,514351603,496605998,4.0678328598,0.0228542238,0.1279671009,150,15.2171302378,88.649,11.2804430958,117.9686337709,7.2641166667,-78.1322631836,9443,7601,/external/mousecelltypes/prod507/specimen_483101699/min_xy_483101699.aff,8509.08,1383.77,2291.7,0.3928835715,cre reporter positive,5,1,1,intact,spiny,/api/v2/well_known_file_download/516477274,/api/v2/well_known_file_download/483105273,/api/v2/well_known_file_download/491377460,39
Cux2-CreERT2,485912047,Cux2-CreERT2,Ai14-205530.06.02.01,right,1114,"Anterolateral visual area, layer 4",VISal4,402,VISal,4,438.684307238,8,27,0.920733957,0.8518656694,496085274,491316971,4.0209908637,0.0653829047,0.171405456,80,23.4333560435,88.2835,11.3271449365,177.0312935114,4.2065783333,-73.6229324341,7588,7583,/external/mousecelltypes/prod506/specimen_485912047/min_xy_485912047.aff,8086.0234793,1478.54331316,2146.12543415,0.4660691545,cre reporter positive,2,1,0,intact,spiny,/api/v2/well_known_file_download/496085610,/api/v2/well_known_file_download/485914219,/api/v2/well_known_file_download/491377149,45
Rorb-IRES2-Cre,480169178,Rorb-IRES2-Cre-D,Ai14-197353.06.02.01,right,778,"Primary visual area, layer 5",VISp5,385,VISp,5,543.4904188625,9,38,0.9030531491,0.9495974849,496079589,487096604,4.0153479092,0.1587516235,0.1102124291,110,21.9469476709,81.548,12.2627164369,157.5000435114,3.66297,-74.5154037476,7584,7577,/external/mousecelltypes/prod454/specimen_480169178/min_xy_480169178.aff,8187.79,1009.81,8351.05,0.5126807654,cre reporter positive,5,1,1,intact,spiny,/api/v2/well_known_file_download/496080031,/api/v2/well_known_file_download/491382453,/api/v2/well_known_file_download/491382455,649
Rorb-IRES2-Cre,485836906,Rorb-IRES2-Cre-D,Ai14-204764.04.01.01,left,721,"Primary visual area, layer 4",VISp4,385,VISp,4,352.2999735615,6,23,0.9081141272,0.8028412584,496001041,491316811,3.9835933104,,0.1677083346,150,21.6365184812,88.09,11.3520263367,143.2812064886,7.255215,-78.8448944092,5747,7575,/external/mousecelltypes/prod505/specimen_485836906/min_xy_485836906.aff,8649.57,1167.3,2661.96,0.3920743575,cre reporter positive,2,1,1,intact,spiny,/api/v2/well_known_file_download/496001238,/api/v2/well_known_file_download/485856659,/api/v2/well_known_file_download/491377705,673
Slc17a6-IRES-Cre,477135941,Slc17a6-IRES-Cre,Ai14-190263.06.01.01,left,721,"Primary visual area, layer 4",VISp4,385,VISp,4,430.0473764785,8,22,0.9033394167,0.9239346519,491771400,496605268,3.9751213548,0.0339882254,0.2477272727,50,22.9289414375,69.7319230769,14.340634187,245.5529868603,2.702845,-82.9349517822,9436,5750,/external/mousecelltypes/prod393/specimen_477135941/min_xy_477135941.aff,8245.68,858.203,3365.16,0.4398278691,cre reporter positive,5,1,1,intact,spiny,/api/v2/well_known_file_download/487686095,/api/v2/well_known_file_download/491380190,/api/v2/well_known_file_download/491380192,849
Rbp4-Cre_KL100,479721491,Rbp4-Cre_KL100,Ai14-196624.05.02.01,right,778,"Primary visual area, layer 5",VISp5,385,VISp,5,439.8648055397,9,45,0.8822336397,0.8372891765,512328250,491202870,3.9522051522,0.1039141876,0.0683593822,150,20.8820934116,153.395,6.5191173115,125.9375065565,5.6780633333,-78.1010055542,7573,5752,/external/mousecelltypes/prod435/specimen_479721491/min_xy_479721491.aff,8011.4,1047.95,8419.97,0.5119709731,cre reporter positive,5,1,0,intact,spiny,/api/v2/well_known_file_download/512328380,/api/v2/well_known_file_download/487622744,/api/v2/well_known_file_download/491376551,516
Rbp4-Cre_KL100,486111903,Rbp4-Cre_KL100,Ai14-205727.03.02.01,right,778,"Primary visual area, layer 5",VISp5,385,VISp,5,652.8895613762,9,51,0.9019111475,0.8208471943,500961609,500919195,3.9415493054,0.0273018032,0.1689393865,209.9999847412,13.4291785026,98.9194444444,10.1092359103,113.2813245058,5.15021,-69.3053436279,9407,7619,/external/mousecelltypes/prod535/specimen_486111903/min_xy_486111903.aff,8526.54,994.683,7843.84,0.6023777186,cre reporter negative,5,1,0,intact,spiny,/api/v2/well_known_file_download/501086517,/api/v2/well_known_file_download/486125045,/api/v2/well_known_file_download/491378057,539
Rorb-IRES2-Cre,479179020,Rorb-IRES2-Cre-D,Ai14-194017.03.01.01,left,721,"Primary visual area, layer 4",VISp4,385,VISp,4,471.0432058743,9,26,0.9117957169,0.8977308979,491770947,491198563,3.8909790034,0.048978994,0.2426356589,50,26.8500880675,74.37875,13.4447002672,190.9375041723,2.916345,-71.7251586914,7596,5761,/external/mousecelltypes/prod421/specimen_479179020/min_xy_479179020.aff,8989.82,1132.97,3042.71,0.4664463683,cre reporter positive,5,1,1,intact,spiny,/api/v2/well_known_file_download/487662277,/api/v2/well_known_file_download/487630475,/api/v2/well_known_file_download/491376443,630
Cux2-CreERT2,487661754,Cux2-CreERT2,Ai14-211772.05.02.01,right,821,"Primary visual area, layer 2/3",VISp2/3,385,VISp,2/3,316.3551106293,7,42,0.8795073217,0.8272288346,496085152,496194465,3.842614265,0.0828730521,0.1732612056,70,24.1878296564,113.5435714286,8.8071917011,196.4062452316,4.55687,-80.7700653076,5764,7585,/external/mousecelltypes/prod534/specimen_487661754/min_xy_487661754.aff,8090.7,585.82,8096.19,0.1731998535,cre reporter positive,2,1,0,intact,spiny,/api/v2/well_known_file_download/496357005,/api/v2/well_known_file_download/487662523,/api/v2/well_known_file_download/491380823,75
Rorb-IRES2-Cre,488697163,Rorb-IRES2-Cre-D,Ai14-212873.04.02.01,right,778,"Primary visual area, layer 5",VISp5,385,VISp,5,586.107352083,6,29,0.8729425812,0.8627219015,505203942,496351147,3.7699366002,0.035884271,0.1347305651,100,15.3094404645,52.5005555556,19.0474174876,159.3749970198,4.9590483333,-80.1465530396,7602,7594,/external/mousecelltypes/prod554/specimen_488697163/min_xy_488697163.aff,8451.13,1220.66,8107.03,0.7592230073,cre reporter negative,2,1,0,intact,spiny,/api/v2/well_known_file_download/505204808,/api/v2/well_known_file_download/491517355,/api/v2/well_known_file_download/491517285,703
Scnn1a-Tg3-Cre,395830185,Scnn1a-Tg3-Cre,Ai14-177300.01.02.01,right,573,"Lateral visual area, layer 4",VISl4,409,VISl,4,374.3452387918,8,40,0.8787499818,0.9284392775,491771070,491201340,3.7267389452,0.0241698568,0.1898225957,70,23.5740948608,69.2788461538,14.4344205413,187.6562088728,4.18748,-77.76537323,5754,5763,/external/mousecelltypes/prod256/specimen_395830185/min_xy_395830185.aff,9150.5,1668.88,9151.34,0.4109760719,cre reporter positive,2,1,1,intact,spiny,/api/v2/well_known_file_download/487660124,/api/v2/well_known_file_download/487631301,/api/v2/well_known_file_download/491377093,798
Rbp4-Cre_KL100,485880739,Rbp4-Cre_KL100,Ai14-204745.05.01.01,left,778,"Primary visual area, layer 5",VISp5,385,VISp,5,595.3453934706,7,42,0.9029348531,0.8725376189,496001052,491317530,3.7168961468,0.0543448402,0.1738764199,120.0000076294,17.6999565475,77.4791666667,12.9066953482,121.5625405312,5.8001866667,-70.8589324951,9408,7574,/external/mousecelltypes/prod506/specimen_485880739/min_xy_485880739.aff,8300.76,1101.14,3061.31,0.5911213351,cre reporter positive,5,1,0,intact,spiny,/api/v2/well_known_file_download/496001252,/api/v2/well_known_file_download/485884707,/api/v2/well_known_file_download/491376368,533
Slc17a6-IRES-Cre,477127614,Slc17a6-IRES-Cre,Ai14-190263.04.01.01,left,821,"Primary visual area, layer 2/3",VISp2/3,385,VISp,2/3,322.0358029934,8,14,0.8892901167,0.7478790619,491392958,496605207,3.701594925,0.0311050608,0.2859043901,30.0000019073,35.1773729723,62.4966666667,16.0008533788,339.6206796169,2.415935,-72.08177948,5753,7602,/external/mousecelltypes/prod393/specimen_477127614/min_xy_477127614.aff,8872.3,697.546,3620.71,0.2968616698,cre reporter positive,2,1,1,intact,spiny,/api/v2/well_known_file_download/487686118,/api/v2/well_known_file_download/491383661,/api/v2/well_known_file_download/491383665,847
Rorb-IRES2-Cre,484679812,Rorb-IRES2-Cre-D,Ai14-201967.03.01.01,left,721,"Primary visual area, layer 4",VISp4,385,VISp,4,458.9412664952,7,17,0.8995712801,0.7772051366,496123872,491316942,3.6928634067,0.0123755954,0.2801477378,70,23.9900848054,51.88,19.2752505783,191.7187571526,2.95594,-67.5364532471,7598,7594,/external/mousecelltypes/prod483/specimen_484679812/min_xy_484679812.aff,8509.84,959.427,3105.25,0.4270330197,cre reporter positive,5,1,0,intact,spiny,/api/v2/well_known_file_download/496139513,/api/v2/well_known_file_download/484690458,/api/v2/well_known_file_download/491383044,671
Rbp4-Cre_KL100,485574721,Rbp4-Cre_KL100,Ai14-203498.04.01.01,left,721,"Primary visual area, layer 4",VISp4,385,VISp,4,523.4544246596,10,47,0.9187925969,0.9139097448,496085100,491316935,3.660713243,0.0266305931,0.1196428634,110,22.4541160442,100.8083333333,9.9198148301,113.2812574506,6.46112,-77.2494049072,7631,9593,/external/mousecelltypes/prod495/specimen_485574721/min_xy_485574721.aff,8538.02,1264.89,2628.86,0.4959147696,cre reporter positive,5,1,0,intact,spiny,/api/v2/well_known_file_download/496085390,/api/v2/well_known_file_download/485577548,/api/v2/well_known_file_download/491382037,522
Nr5a1-Cre,422738880,Nr5a1-Cre,Ai14-178521.04.02.01,right,721,"Primary visual area, layer 4",VISp4,385,VISp,4,337.6092529358,5,24,0.9020081128,0.9065309786,492100685,491198879,3.6602782705,0.0846362769,0.1998666646,90,17.5390899557,81.065,12.3357799297,163.2812470198,4.3300516667,-78.5653686523,5758,5746,/external/mousecelltypes/prod294/specimen_422738880/min_xy_422738880.aff,8280.4,1143.09,8716.41,0.4306896271,cre reporter positive,5,1,1,intact,spiny,/api/v2/well_known_file_download/487660405,/api/v2/well_known_file_download/487616080,/api/v2/well_known_file_download/491382470,245
Rorb-IRES2-Cre,485931158,Rorb-IRES2-Cre-D,Ai14-204766.03.02.01,right,721,"Primary visual area, layer 4",VISp4,385,VISp,4,431.2275837953,6,24,0.884253793,0.9087444829,510988682,496604379,3.6589712908,,0.1020366672,150,16.3408782644,,,145.1562196016,4.4921383333,-81.0480804443,9443,9450,/external/mousecelltypes/prod506/specimen_485931158/min_xy_485931158.aff,8920.67,1244.4,8651.1,0.4292945352,cre reporter positive,5,1,1,intact,spiny,/api/v2/well_known_file_download/511009753,/api/v2/well_known_file_download/485932903,/api/v2/well_known_file_download/491377551,677
Nr5a1-Cre,476451456,Nr5a1-Cre,Ai14-187777.05.02.01,right,721,"Primary visual area, layer 4",VISp4,385,VISp,4,422.9389566967,6,35,0.8953841319,0.8585998953,491392823,496573430,3.6427998432,0.0275847477,0.2257246377,70,30.6910460406,77.0368181818,12.9808061081,362.5003397465,3.6120533333,-74.7400665283,5745,5750,/external/mousecelltypes/prod384/specimen_476451456/min_xy_476451456.aff,8258.55,1005.47,8435.34,0.4402465238,cre reporter negative,2,1,0,intact,spiny,/api/v2/well_known_file_download/487685997,/api/v2/well_known_file_download/491381479,/api/v2/well_known_file_download/491381486,255
Pvalb-IRES-Cre,479010903,Pvalb-IRES-Cre,Ai14-195278.05.01.01,left,778,"Primary visual area, layer 5",VISp5,385,VISp,5,405.2057366705,9,36,0.8968479089,0.9149607495,491771425,496573532,3.6408216838,0.2301049878,0.0673180676,130,23.2004952143,142.37875,7.0235200126,115.1562929153,7.04483,-76.3922119141,7598,5759,/external/mousecelltypes/prod416/specimen_479010903/min_xy_479010903.aff,7958.39,1025,3132.62,0.5522785937,cre reporter negative,2,1,0,intact,spiny,/api/v2/well_known_file_download/491373495,/api/v2/well_known_file_download/487619948,/api/v2/well_known_file_download/491381498,424
Rorb-IRES2-Cre,485837504,Rorb-IRES2-Cre-D,Ai14-204764.03.02.01,right,778,"Primary visual area, layer 5",VISp5,385,VISp,5,496.1425984012,8,30,0.8645092501,0.837388515,510989435,496603778,3.6236248733,0.0752613537,0.1596650892,50,30.4840765486,109.455,9.1361746837,233.2813292742,3.2255733333,-73.0314865112,7583,5735,/external/mousecelltypes/prod506/specimen_485837504/min_xy_485837504.aff,8902.53,1067.64,8200.34,0.4963837393,cre reporter positive,5,1,0,intact,spiny,/api/v2/well_known_file_download/511010040,/api/v2/well_known_file_download/485856547,/api/v2/well_known_file_download/491383325,674
Rorb-IRES2-Cre,324025297,Rorb-IRES2-Cre-D,Ai14-172651.04.01.01,right,721,"Primary visual area, layer 4",VISp4,385,VISp,4,451.5693893204,10,26,0.90679707,0.8570369633,491458289,491198525,3.6098653848,0.0259485715,0.1833333333,70,27.9901209637,81.8504545455,12.2174031354,231.5624952316,3.6542233333,-74.4558258057,9462,9450,/external/mousecelltypes/prod201/specimen_324025297/min_xy_324025297.aff,8766.49921101,1014.2845162,3236.06911863,0.4856573156,cre reporter positive,5,1,0,intact,spiny,/api/v2/well_known_file_download/487659611,/api/v2/well_known_file_download/487621195,/api/v2/well_known_file_download/491377469,589
Rorb-IRES2-Cre,488695444,Rorb-IRES2-Cre-D,Ai14-212873.04.01.01,left,778,"Primary visual area, layer 5",VISp5,385,VISp,5,598.4049437648,8,39,0.8983052367,0.8370779031,510987652,496604882,3.5949752774,0.0522637766,0.0959208319,200,15.7911016595,124.3821428571,8.0397392827,96.4062511921,7.57237,-77.0904159546,7551,7684,/external/mousecelltypes/prod571/specimen_488695444/min_xy_488695444.aff,8304.03,1006.98,3251.73,0.5560527706,cre reporter positive,2,1,0,intact,spiny,/api/v2/well_known_file_download/516477378,/api/v2/well_known_file_download/488696778,/api/v2/well_known_file_download/491380223,702
Rorb-IRES2-Cre,314642645,Rorb-IRES2-Cre-D,Ai14-168052.03.02.01,right,721,"Primary visual area, layer 4",VISp4,385,VISp,4,420.596408305,8,19,0.8735771255,0.8969654903,491770142,491201805,3.5733221716,0.0361167846,0.2425476603,50,20.3719424917,59.8553125,16.706954792,230.4687052965,2.778125,-75.8962249756,5728,5737,/external/mousecelltypes/prod149/specimen_314642645/min_xy_314642645.aff,8954.08,1138.65,8561.34,0.3525240095,cre reporter positive,5,1,1,intact,spiny,/api/v2/well_known_file_download/487660102,/api/v2/well_known_file_download/487623471,/api/v2/well_known_file_download/491377345,580
Rbp4-Cre_KL100,486052980,Rbp4-Cre_KL100,Ai14-205726.03.02.01,right,778,"Primary visual area, layer 5",VISp5,385,VISp,5,631.9141304433,7,43,0.904450919,0.8192098539,496001096,496461086,3.5580965198,0.0083711584,0.1679961244,130,10.9784275589,138.005,7.2461142712,85.9374776483,4.3970425,-70.4233016968,9417,5765,/external/mousecelltypes/prod514/specimen_486052980/min_xy_486052980.aff,8569.65,1136.22,8095.15,0.63939032,cre reporter positive,5,1,0,intact,spiny,/api/v2/well_known_file_download/501079804,/api/v2/well_known_file_download/486075842,/api/v2/well_known_file_download/491383080,536
Rbp4-Cre_KL100,471129934,Rbp4-Cre_KL100,Ai14-180747.06.01.01,left,778,"Primary visual area, layer 5",VISp5,385,VISp,5,502.5660288446,9,49,0.8802992455,0.8713137868,495335493,491202815,3.5442468637,,0.0802083249,290,15.5961482196,64.985,15.3881665,94.3750739098,6.3994216667,-68.6219024658,11298,11282,/external/mousecelltypes/prod324/specimen_471129934/min_xy_471129934.aff,7829.89,1068.32,2993.19,0.5342640012,cre reporter positive,5,1,1,intact,spiny,/api/v2/well_known_file_download/487660964,/api/v2/well_known_file_download/487621398,/api/v2/well_known_file_download/491377475,503
Rorb-IRES2-Cre,480351780,Rorb-IRES2-Cre-D,Ai14-197851.04.01.01,left,778,"Primary visual area, layer 5",VISp5,385,VISp,5,607.6284969524,6,45,0.882061063,0.8807871594,491770987,491199148,3.5390984523,0.0233020465,0.1868292785,70,15.9611719901,56.7364705882,17.625347323,136.7187947035,3.624465,-61.491153717,9461,7591,/external/mousecelltypes/prod446/specimen_480351780/min_xy_480351780.aff,8727.95,1453.32,2584.78,0.5905168136,cre reporter positive,5,1,1,intact,spiny,/api/v2/well_known_file_download/489405394,/api/v2/well_known_file_download/491377620,/api/v2/well_known_file_download/491377622,656
Nr5a1-Cre,386049446,Nr5a1-Cre,Ai14-177334.05.01.01,left,721,"Primary visual area, layer 4",VISp4,385,VISp,4,346.0032405934,5,17,0.9246109445,0.8829442339,491459173,491198854,3.5244247946,0.0450018072,0.1723214377,110,12.7026528309,90.26,11.0791048083,123.2813596725,6.2595366667,-85.1570739746,7609,7610,/external/mousecelltypes/prod256/specimen_386049446/min_xy_386049446.aff,8038.02,740.787,3503.1,0.3695350138,cre reporter positive,2,1,1,intact,spiny,/api/v2/well_known_file_download/487660477,/api/v2/well_known_file_download/487614229,/api/v2/well_known_file_download/491383263,237
Rorb-IRES2-Cre,480087928,Rorb-IRES2-Cre-D,Ai14-197330.06.01.01,left,721,"Primary visual area, layer 4",VISp4,385,VISp,4,415.5427677578,4,21,0.8990427354,0.8778533506,491770972,491198830,3.5222917945,0.0183919875,0.1992141454,50,35.8412916819,58.0516666667,17.2260342798,230.0446778536,3.172455,-73.2083282471,9426,9426,/external/mousecelltypes/prod439/specimen_480087928/min_xy_480087928.aff,8527,899.047,3272.03,0.4464004136,cre reporter positive,5,1,0,intact,spiny,/api/v2/well_known_file_download/487685988,/api/v2/well_known_file_download/491382097,/api/v2/well_known_file_download/491382099,642
Cux2-CreERT2,487601493,Cux2-CreERT2,Ai14-211771.03.01.01,left,721,"Primary visual area, layer 4",VISp4,385,VISp,4,494.3130939375,9,35,0.9052572026,0.8971601806,496123848,496192207,3.5197300481,0.0287486663,0.1875,110,15.9206166533,80.1609090909,12.4749084228,129.6876966953,4.99862,-74.278503418,9447,7596,/external/mousecelltypes/prod534/specimen_487601493/min_xy_487601493.aff,8371.04,917.196,3293.08,0.4818052362,cre reporter positive,2,1,0,intact,spiny,/api/v2/well_known_file_download/496356989,/api/v2/well_known_file_download/487601867,/api/v2/well_known_file_download/491384708,73
Htr3a-Cre_NO152,473943881,Htr3a-Cre_NO152,Ai14-182494.05.01.01,left,821,"Primary visual area, layer 2/3",VISp2/3,385,VISp,2/3,140.5115424383,7,35,0.8712427887,0.9376777565,492100795,496390196,3.4106179835,0.0004560178,0.1964285485,209.9999847412,6.0503670792,74.6216666667,13.4009335984,96.874922514,9.02699,-69.5428619385,9453,5783,/external/mousecelltypes/prod344/specimen_473943881/min_xy_473943881.aff,8029.63,791.066,3307.68,0.3595075328,cre reporter positive,5,1,1,NA,aspiny,/api/v2/well_known_file_download/487661521,/api/v2/well_known_file_download/487612483,/api/v2/well_known_file_download/491380918,137
Rbp4-Cre_KL100,486132712,Rbp4-Cre_KL100,Ai14-205727.02.02.01,right,721,"Primary visual area, layer 4",VISp4,385,VISp,4,520.8342099321,8,50,0.9168935503,0.8351536874,512328536,545998537,3.3749299734,0.0348404831,0.2006329292,90,18.696578849,74.0158333333,13.5106227271,119.5535734296,6.1570166667,-68.143371582,9424,7581,/external/mousecelltypes/prod507/specimen_486132712/min_xy_486132712.aff,9189.85303648,1304.33844602,2934.26326222,0.5012792086,cre reporter positive,2,1,1,intact,spiny,/api/v2/well_known_file_download/545971986,/api/v2/well_known_file_download/486134994,/api/v2/well_known_file_download/491377772,540
Nr5a1-Cre,483020137,Nr5a1-Cre,Ai14-199361.04.02.01,right,721,"Primary visual area, layer 4",VISp4,385,VISp,4,396.7191195684,6,19,0.9004881475,0.8734135908,496001085,491317178,3.3521127261,0.07981166,0.2232977327,110,13.0370818305,58.8525,16.9916316214,143.7499970198,2.9295983333,-81.575378418,5748,5729,/external/mousecelltypes/prod472/specimen_483020137/min_xy_483020137.aff,8736.19,928.715,8083.69,0.4329724897,cre reporter negative,5,1,1,intact,spiny,/api/v2/well_known_file_download/496001234,/api/v2/well_known_file_download/485507710,/api/v2/well_known_file_download/491381343,271
Rorb-IRES2-Cre,478499902,Rorb-IRES2-Cre-D,Ai14-192794.05.01.01,left,821,"Primary visual area, layer 2/3",VISp2/3,385,VISp,2/3,374.6675222294,6,28,0.8977935103,0.7798378187,492413655,491198581,3.2999292534,0.1004902901,0.2221446793,90,22.8412526885,80.4504545455,12.4300105655,197.8125423193,5.3044083333,-81.9204101563,7567,7581,/external/mousecelltypes/prod409/specimen_478499902/min_xy_478499902.aff,8530.19,1071.82,2770.11,0.3588049953,cre reporter positive,2,1,1,intact,spiny,/api/v2/well_known_file_download/487661727,/api/v2/well_known_file_download/487625764,/api/v2/well_known_file_download/491384029,623
Nr5a1-Cre,476457450,Nr5a1-Cre,Ai14-187780.03.02.01,right,721,"Primary visual area, layer 4",VISp4,385,VISp,4,412.7447106702,4,26,0.8636915086,0.8669784146,491253860,491199139,3.2371678674,0.0476945778,0.1594697074,70,24.6336885047,62.894,15.8997678634,210.468634963,4.1717083333,-75.3036117554,7586,7585,/external/mousecelltypes/prod376/specimen_476457450/min_xy_476457450.aff,9093.26,1025.02,8257.35,0.4037328686,cre reporter positive,2,1,1,intact,spiny,/api/v2/well_known_file_download/487661900,/api/v2/well_known_file_download/487617691,/api/v2/well_known_file_download/491377646,258
Rorb-IRES2-Cre,478497530,Rorb-IRES2-Cre-D,Ai14-192794.05.02.01,right,721,"Primary visual area, layer 4",VISp4,385,VISp,4,544.1911878145,4,38,0.89757191,0.8451152007,491770904,496573523,3.233774798,0.1792093163,0.1251623449,70,29.37118413,129.1414285714,7.7434484895,205.62492311,4.068135,-74.6204833984,7597,9435,/external/mousecelltypes/prod406/specimen_478497530/min_xy_478497530.aff,8548.66,1299.97,8696.8,0.5460313193,cre reporter negative,2,1,0,intact,spiny,/api/v2/well_known_file_download/487686107,/api/v2/well_known_file_download/491382065,/api/v2/well_known_file_download/491382069,621
Rorb-IRES2-Cre,476048909,Rorb-IRES2-Cre-D,Ai14-187416.05.01.01,left,233,"Anterolateral visual area, layer 5",VISal5,402,VISal,5,521.6463244767,11,42,0.9105778943,0.9373946306,491796269,491198405,3.2249206239,0.1238071413,0.0793956035,190,25.7608101089,125.0533333333,7.9965881224,102.6561334729,13.9116433333,-66.1836395264,7592,7706,/external/mousecelltypes/prod384/specimen_476048909/min_xy_476048909.aff,8399,1687.98,2445.39,0.4996726136,cre reporter positive,2,1,1,intact,spiny,/api/v2/well_known_file_download/487661818,/api/v2/well_known_file_download/487626536,/api/v2/well_known_file_download/491381597,611
Rorb-IRES2-Cre,480353286,Rorb-IRES2-Cre-D,Ai14-197851.05.02.01,right,778,"Primary visual area, layer 5",VISp5,385,VISp,5,598.6750934519,9,27,0.9116251579,0.8181004137,492413375,487096675,3.2048788725,0.0360390731,0.1212121285,130,20.045260178,110.28625,9.0673134684,115.7813295722,5.4255933333,-75.1748199463,9433,7597,/external/mousecelltypes/prod448/specimen_480353286/min_xy_480353286.aff,8431.03,1085.91,3071.3,0.557308906,cre reporter positive,5,1,1,intact,spiny,/api/v2/well_known_file_download/487661528,/api/v2/well_known_file_download/483108938,/api/v2/well_known_file_download/491378586,657
Scnn1a-Tg3-Cre,469793303,Scnn1a-Tg3-Cre,Ai14-180214.05.02.01,right,721,"Primary visual area, layer 4",VISp4,385,VISp,4,408.4883142261,4,20,0.8657895184,0.8481667512,492413248,491200847,3.1937594188,,0.2211693285,50,33.3699572091,,,267.1875059605,3.0456325,-78.8586959839,7584,7587,/external/mousecelltypes/prod307/specimen_469793303/min_xy_469793303.aff,8263.8386758,930.836586699,8002.34398784,0.4736753302,cre reporter positive,2,1,0,intact,spiny,/api/v2/well_known_file_download/487660959,/api/v2/well_known_file_download/487628854,/api/v2/well_known_file_download/491380303,807
Scnn1a-Tg3-Cre,468120757,Scnn1a-Tg3-Cre,Ai14-177297.05.02.01,right,778,"Primary visual area, layer 5",VISp5,385,VISp,5,563.4707799791,12,37,0.8793024912,0.8393190251,495335460,491201181,3.1363951811,0.1993933428,0.1363793097,210,16.338332716,151.4933333333,6.6009505369,135.3124976158,5.4665166667,-69.0844650269,9462,7623,/external/mousecelltypes/prod256/specimen_468120757/min_xy_468120757.aff,7899.3,1038.67,8239.46,0.5601469774,cre reporter positive,5,1,1,intact,spiny,/api/v2/well_known_file_download/487659620,/api/v2/well_known_file_download/487631332,/api/v2/well_known_file_download/491380634,805
Nr5a1-Cre,318808427,Nr5a1-Cre,Ai14-169250.03.02.01,left,721,"Primary visual area, layer 4",VISp4,385,VISp,4,337.4819917135,4,16,0.9054749709,0.8584889536,491119756,491199003,3.1326653001,0.0165695667,0.2006302607,130,15.8417259986,61.6391666667,16.2234509984,189.0624910593,5.7212266667,-75.5707397461,7585,7601,/external/mousecelltypes/prod254/specimen_318808427/min_xy_318808427.aff,8716.19,1132.39,2659.8,0.3361040864,cre reporter positive,2,1,1,intact,spiny,/api/v2/well_known_file_download/487661116,/api/v2/well_known_file_download/487610903,/api/v2/well_known_file_download/491380717,222
Scnn1a-Tg3-Cre,320207387,Scnn1a-Tg3-Cre,Ai14-170426.03.01.01,right,778,"Primary visual area, layer 5",VISp5,385,VISp,5,547.6686074544,6,36,0.893280744,0.8665546242,491392847,491201198,3.0986918206,,0.1462121215,170,15.7470055984,144.6,6.9156293223,171.5625375509,4.5052566667,-67.611000061,7595,7581,/external/mousecelltypes/prod170/specimen_320207387/min_xy_320207387.aff,8668.52,1210.18,8557.3,0.5018493747,cre reporter positive,5,1,1,intact,spiny,/api/v2/well_known_file_download/487660944,/api/v2/well_known_file_download/487626531,/api/v2/well_known_file_download/491382380,790
Rbp4-Cre_KL100,485574832,Rbp4-Cre_KL100,Ai14-203498.04.02.01,right,778,"Primary visual area, layer 5",VISp5,385,VISp,5,577.4033805565,9,44,0.882853384,0.8296369233,496001063,491316926,3.0848607096,0.0019687691,0.1936058683,190,13.2719447786,118.6307142857,8.4295201797,80.3125798702,7.84801,-71.4556655884,9411,7587,/external/mousecelltypes/prod494/specimen_485574832/min_xy_485574832.aff,8841.45,1275.8,8568.19,0.5233091386,cre reporter positive,5,1,1,intact,spiny,/api/v2/well_known_file_download/496001248,/api/v2/well_known_file_download/485577430,/api/v2/well_known_file_download/491384243,523
Rorb-IRES2-Cre,484559000,Rorb-IRES2-Cre-D,Ai14-201965.03.02.01,right,778,"Primary visual area, layer 5",VISp5,385,VISp,5,451.6350834685,6,19,0.8954569966,0.8562867166,492101095,500919148,3.0592754734,0.0081539781,0.1487206089,170,12.5565277604,78.9129166667,12.6721966725,118.4375360608,4.8590466667,-71.911895752,5741,5737,/external/mousecelltypes/prod485/specimen_484559000/min_xy_484559000.aff,8622.37,1031.58,7960.04,0.6210690935,cre reporter negative,2,1,1,intact,spiny,/api/v2/well_known_file_download/501086565,/api/v2/well_known_file_download/484579733,/api/v2/well_known_file_download/491382886,667
Rorb-IRES2-Cre,488680917,Rorb-IRES2-Cre-D,Ai14-212872.03.02.01,right,778,"Primary visual area, layer 5",VISp5,385,VISp,5,566.9138259039,8,49,0.8923468877,0.7936827065,512328392,496606323,3.0415651856,0.0174113842,0.1828125004,170,11.2055744776,59.7703125,16.7307139309,76.8749639392,7.1508966667,-68.0420913696,9404,9443,/external/mousecelltypes/prod571/specimen_488680917/min_xy_488680917.aff,9193.07,1184.75,8178.59,0.5338731045,cre reporter negative,2,1,0,intact,spiny,/api/v2/well_known_file_download/516477256,/api/v2/well_known_file_download/488682512,/api/v2/well_known_file_download/491377909,698
Nr5a1-Cre,386970660,Nr5a1-Cre,Ai14-177334.05.02.01,right,721,"Primary visual area, layer 4",VISp4,385,VISp,4,374.7902955467,7,23,0.883840143,0.7516056732,527109108,496895067,3.038636214,0.016471084,0.2135153091,50,29.9144457378,70.415,14.2015195626,226.8749922514,3.0438066667,-72.0163574219,7578,5731,/external/mousecelltypes/prod258/specimen_386970660/min_xy_386970660.aff,8015.11,937.34,8231.02,0.4586072953,cre reporter positive,2,1,1,intact,spiny,/api/v2/well_known_file_download/527110316,/api/v2/well_known_file_download/487611917,/api/v2/well_known_file_download/491381648,239
Htr3a-Cre_NO152,475622793,Htr3a-Cre_NO152,Ai14-185553.05.01.01,left,41,"posteromedial visual area, layer 2/3",VISpm2/3,533,VISpm,2/3,279.5982313523,3,16,0.8263139467,0.9100828442,491119940,491216216,3.0326054637,0.1092380731,0.20133929,170,9.6181132063,152.815,6.5438602231,162.5000834465,8.0713533333,-68.185256958,3889,5739,/external/mousecelltypes/prod368/specimen_475622793/min_xy_475622793.aff,7837.33,541.056,3365.59,0.1306894071,cre reporter positive,5,1,1,NA,aspiny,/api/v2/well_known_file_download/487661533,/api/v2/well_known_file_download/487615630,/api/v2/well_known_file_download/491377310,153
Htr3a-Cre_NO152,475622680,Htr3a-Cre_NO152,Ai14-185555.03.01.01,left,821,"Primary visual area, layer 2/3",VISp2/3,385,VISp,2/3,211.9201673858,4,21,0.8921817383,0.949429125,491119962,491216225,2.9972794958,0.0132166141,0.4970982143,50,10.5710721789,30.8180645161,32.4485010886,245.3126162291,3.47216,-68.3804779053,3892,3906,/external/mousecelltypes/prod368/specimen_475622680/min_xy_475622680.aff,8248.56,875.752,2742.85,0.218100415,cre reporter positive,5,1,1,NA,aspiny,/api/v2/well_known_file_download/487661508,/api/v2/well_known_file_download/487613151,/api/v2/well_known_file_download/491376318,152
Htr3a-Cre_NO152,327962063,Htr3a-Cre_NO152,Ai14-175482.03.02.01,right,821,"Primary visual area, layer 2/3",VISp2/3,385,VISp,2/3,265.2222619797,3,20,0.8797182634,0.9102529528,491119421,491197937,2.9943791138,0.0163992629,0.4576719577,50,15.7802314921,29.4224242424,33.9876820401,279.0625095367,3.00173,-73.4813308716,5745,5752,/external/mousecelltypes/prod237/specimen_327962063/min_xy_327962063.aff,8995.84,895.819,8282.11,0.2505391685,cre reporter positive,2,1,1,NA,aspiny,/api/v2/well_known_file_download/487660946,/api/v2/well_known_file_download/487609177,/api/v2/well_known_file_download/491382993,129
Rorb-IRES2-Cre,314822529,Rorb-IRES2-Cre-D,Ai14-168053.06.01.01,left,778,"Primary visual area, layer 5",VISp5,385,VISp,5,710.5330667293,6,36,0.8865913023,0.8673877995,495334940,491202288,2.9823366857,,0.1341386558,190,20.8098833517,49.125,20.3562340967,146.7187553644,4.5722,-76.0803756714,7599,11272,/external/mousecelltypes/prod149/specimen_314822529/min_xy_314822529.aff,7885.16,1123.83,3369.65,0.7471278315,cre reporter positive,5,1,1,intact,spiny,/api/v2/well_known_file_download/487659622,/api/v2/well_known_file_download/487620215,/api/v2/well_known_file_download/491384369,584
Rbp4-Cre_KL100,487664663,Rbp4-Cre_KL100,Ai14-211531.03.01.01,left,565,"posteromedial visual area, layer 5",VISpm5,533,VISpm,5,701.8394545429,9,45,0.9084327634,0.8357625735,496085296,496194538,2.9693590104,0.0868781787,0.1365522202,50,16.1776718329,101.5361111111,9.8487128279,118.0803775787,3.4051166667,-68.4131774902,9424,7625,/external/mousecelltypes/prod534/specimen_487664663/min_xy_487664663.aff,8606.6,780.09,3995.52,0.59324777,cre reporter positive,2,1,0,intact,spiny,/api/v2/well_known_file_download/496357063,/api/v2/well_known_file_download/487666297,/api/v2/well_known_file_download/491383908,546
Htr3a-Cre_NO152,479220013,Htr3a-Cre_NO152,Ai14-195039.04.02.01,right,821,"Primary visual area, layer 2/3",VISp2/3,385,VISp,2/3,103.044080556,5,23,0.8822884113,0.9214650065,491119583,491201571,2.9613584289,-0.014975288,0.1848214298,170,9.1886400175,59.9146666667,16.6904041303,143.4375047684,7.0561333333,-69.0822906494,5744,7593,/external/mousecelltypes/prod421/specimen_479220013/min_xy_479220013.aff,8905.69,938.705,8415.78,0.2928499211,cre reporter positive,5,1,1,NA,aspiny,/api/v2/well_known_file_download/487662269,/api/v2/well_known_file_download/487613058,/api/v2/well_known_file_download/491384070,167
Rorb-IRES2-Cre,488679042,Rorb-IRES2-Cre-D,Ai14-212872.04.02.01,right,778,"Primary visual area, layer 5",VISp5,385,VISp,5,677.2405672417,11,61,0.9109680869,0.7770667318,505203925,496275611,2.9286807276,-0.0027793096,0.1448667996,190,10.14305734,103.759375,9.6376833419,47.6560592651,8.768945,-76.9375152588,7599,7607,/external/mousecelltypes/prod549/specimen_488679042/min_xy_488679042.aff,8900.19,1188.88,8060.62,0.6495247998,cre reporter negative,2,1,0,intact,spiny,/api/v2/well_known_file_download/505204817,/api/v2/well_known_file_download/488679907,/api/v2/well_known_file_download/491377936,696
Scnn1a-Tg2-Cre,354190013,Scnn1a-Tg2-Cre,Ai14-176962.05.01.01,left,778,"Primary visual area, layer 5",VISp5,385,VISp,5,601.8247113128,9,44,0.862172761,0.8374759698,495335449,491201732,2.893732392,0.1506819303,0.1045454588,130,26.2819927496,117.9566666667,8.477689547,128.90625,7.156975,-73.0203781128,7627,9453,/external/mousecelltypes/prod253/specimen_354190013/min_xy_354190013.aff,8237.68,1303.72,2650.26,0.5835277084,cre reporter positive,2,1,1,intact,spiny,/api/v2/well_known_file_download/487660832,/api/v2/well_known_file_download/487625362,/api/v2/well_known_file_download/491381205,747
Nr5a1-Cre,370351753,Nr5a1-Cre,Ai14-177332.03.01.01,left,721,"Primary visual area, layer 4",VISp4,385,VISp,4,377.844064803,4,27,0.8775087164,0.8750255907,491120168,491198971,2.8745506029,0.0557216459,0.1570340607,110,23.0778482023,99.9033333333,10.0096760202,170.3124940395,4.4223916667,-78.7213439941,5764,7602,/external/mousecelltypes/prod262/specimen_370351753/min_xy_370351753.aff,8756.02,1043.82,3033.83,0.4276396447,cre reporter positive,2,1,0,intact,spiny,/api/v2/well_known_file_download/487660134,/api/v2/well_known_file_download/487613730,/api/v2/well_known_file_download/491380342,233
Rorb-IRES2-Cre,324025371,Rorb-IRES2-Cre-D,Ai14-172651.01.01.01,right,721,"Primary visual area, layer 4",VISp4,385,VISp,4,363.1766507226,6,27,0.8892924112,0.9034731137,491770170,491198217,2.8617082227,0.0436978475,0.2081578947,90,31.5016101569,72.6995833333,13.7552370199,223.4375029802,4.1076566667,-72.1348800659,5739,7584,/external/mousecelltypes/prod217/specimen_324025371/min_xy_324025371.aff,8906.64,1042.24,8330.65,0.3822386456,cre reporter positive,2,1,0,intact,spiny,/api/v2/well_known_file_download/487660851,/api/v2/well_known_file_download/491381576,/api/v2/well_known_file_download/491381582,590
Htr3a-Cre_NO152,474267418,Htr3a-Cre_NO152,Ai14-182497.03.01.01,left,821,"Primary visual area, layer 2/3",VISp2/3,385,VISp,2/3,238.2618621736,2,12,0.923524947,0.8853498208,491119311,491201684,2.8613319539,0.012144213,0.3311837492,30.0000019073,13.8729246755,20.5891666667,48.5692313919,287.3437404633,3.360345,-68.8796081543,5743,5744,/external/mousecelltypes/prod354/specimen_474267418/min_xy_474267418.aff,9072.02,825.523,3133.59,0.1879374608,cre reporter positive,2,1,1,NA,aspiny,/api/v2/well_known_file_download/487661711,/api/v2/well_known_file_download/491384380,/api/v2/well_known_file_download/491384383,140
Scnn1a-Tg3-Cre,476263004,Scnn1a-Tg3-Cre,Ai14-187854.03.02.01,right,778,"Primary visual area, layer 5",VISp5,385,VISp,5,638.6542985968,8,24,0.8541956849,0.9730489484,491253936,491201897,2.8165909608,0.0696908626,0.1772727311,150,15.3703621142,91.0614285714,10.9815979794,172.6561784744,7.6441833333,-77.4682312012,7573,5747,/external/mousecelltypes/prod382/specimen_476263004/min_xy_476263004.aff,8898.91,1373.21,8289.64,0.7464150821,cre reporter positive,5,1,0,intact,spiny,/api/v2/well_known_file_download/489405418,/api/v2/well_known_file_download/487633189,/api/v2/well_known_file_download/491380969,824
Htr3a-Cre_NO152,478110866,Htr3a-Cre_NO152,Ai14-192821.05.01.01,left,778,"Primary visual area, layer 5",VISp5,385,VISp,5,581.3883548112,2,43,0.9042968329,0.8305656463,491771411,491201381,2.8094413649,0.0085721666,0.3196428571,50,15.2825638403,33.8940740741,29.5036824967,214.6875858307,3.11495375,-75.1252746582,9438,5769,/external/mousecelltypes/prod396/specimen_478110866/min_xy_478110866.aff,8012.43,1042.68,3003.74,0.5348612968,cre reporter positive,2,1,1,NA,aspiny,/api/v2/well_known_file_download/487661928,/api/v2/well_known_file_download/487611395,/api/v2/well_known_file_download/491384028,162
Rorb-IRES2-Cre,478586295,Rorb-IRES2-Cre-D,Ai14-194322.05.02.01,right,778,"Primary visual area, layer 5",VISp5,385,VISp,5,571.1660559555,10,16,0.8675695812,0.7846398604,492413666,491198516,2.7462963644,,0.1299973091,140,8.4838137502,,,100.000038743,8.7592533333,-57.3023872375,9425,9423,/external/mousecelltypes/prod409/specimen_478586295/min_xy_478586295.aff,8980.22,1372.12,8594.23,0.5509201567,cre reporter positive,2,1,1,intact,spiny,/api/v2/well_known_file_download/487661808,/api/v2/well_known_file_download/487626452,/api/v2/well_known_file_download/491384351,625
Ntsr1-Cre_GN220,471789504,Ntsr1-Cre,Ai14-181184.05.01.01,left,33,"Primary visual area, layer 6a",VISp6a,385,VISp,6a,849.9618785462,5,31,0.8548408247,0.8570637488,492413320,496895079,2.7143383539,0.1091188607,0.2014610442,150,15.4400532291,95.111,10.5140309743,191.4061754942,6.6617083333,-71.1436080933,11285,5802,/external/mousecelltypes/prod324/specimen_471789504/min_xy_471789504.aff,8295.73,1528.61,8442.99,0.9450146387,cre reporter positive,2,1,0,intact,spiny,/api/v2/well_known_file_download/487660415,/api/v2/well_known_file_download/487614823,/api/v2/well_known_file_download/491376519,303
Nr5a1-Cre,382982932,Nr5a1-Cre,Ai14-177333.03.01.01,left,821,"Primary visual area, layer 2/3",VISp2/3,385,VISp,2/3,431.3751463657,9,25,0.8735441214,0.8171281113,491771092,491199235,2.6878557105,0.0388419782,0.2666666789,130,15.6231131756,81.5077272727,12.2687754089,160.6249958277,4.0414583333,-80.7081985474,5717,5768,/external/mousecelltypes/prod262/specimen_382982932/min_xy_382982932.aff,8994.18,1284.73,2542.42,0.359625762,cre reporter positive,2,1,1,intact,spiny,/api/v2/well_known_file_download/487661131,/api/v2/well_known_file_download/487614729,/api/v2/well_known_file_download/491381661,235
Scnn1a-Tg3-Cre,476131588,Scnn1a-Tg3-Cre,Ai14-187849.06.02.01,right,721,"Primary visual area, layer 4",VISp4,385,VISp,4,386.680542453,7,25,0.928277615,0.7437175116,491392801,491201311,2.6390771885,0.0607535815,0.2370575265,50,25.1373961283,86.076,11.6176402249,163.6717766523,3.04944,-64.7870788574,9428,5742,/external/mousecelltypes/prod416/specimen_476131588/min_xy_476131588.aff,8485.00737333,1122.74327284,8464.64764028,0.448020278,cre reporter positive,5,1,0,intact,spiny,/api/v2/well_known_file_download/487661696,/api/v2/well_known_file_download/487632542,/api/v2/well_known_file_download/491381167,817
Nr5a1-Cre,318733871,Nr5a1-Cre,Ai14-169248.04.02.01,right,721,"Primary visual area, layer 4",VISp4,385,VISp,4,267.870969852,7,14,0.9093194352,0.8643269422,491253827,491198863,2.6330407995,0.1458048422,0.1948598131,70,26.3317405565,93.6733333333,10.6753967689,256.5625607967,3.459965,-72.633605957,5745,5746,/external/mousecelltypes/prod155/specimen_318733871/min_xy_318733871.aff,8279.04,1002.14,8497.3,0.3887595535,cre reporter positive,5,1,0,intact,spiny,/api/v2/well_known_file_download/487660096,/api/v2/well_known_file_download/487611469,/api/v2/well_known_file_download/491381583,221
Scnn1a-Tg3-Cre,314900022,Scnn1a-Tg3-Cre,Ai14-168093.03.01.01,right,721,"Primary visual area, layer 4",VISp4,385,VISp,4,411.1746144728,5,18,0.9115869751,0.9365204336,491770154,491200784,2.6286820771,0.0297156416,0.2057377049,50,26.0993637697,49.5855263158,20.1671752687,267.9687440395,2.4735425,-73.1547622681,7582,7588,/external/mousecelltypes/prod149/specimen_314900022/min_xy_314900022.aff,8964.24,1419.29,8968.95,0.3902339267,cre reporter positive,2,1,0,intact,spiny,/api/v2/well_known_file_download/487660100,/api/v2/well_known_file_download/487623889,/api/v2/well_known_file_download/491376250,789
Htr3a-Cre_NO152,478107198,Htr3a-Cre_NO152,Ai14-192819.04.02.01,right,821,"Primary visual area, layer 2/3",VISp2/3,385,VISp,2/3,99.7797241768,7,33,0.8642674326,0.9645103204,491119745,491201098,2.625872419,-0.0206421903,0.1916228843,60.0000038147,7.1456653719,161.302,6.1995511525,118.9062893391,4.267035,-63.9528121948,3896,3897,/external/mousecelltypes/prod396/specimen_478107198/min_xy_478107198.aff,8777.3448797,553.386564214,7709.64474697,0.1312515466,cre reporter positive,5,1,1,NA,aspiny,/api/v2/well_known_file_download/487661925,/api/v2/well_known_file_download/487613275,/api/v2/well_known_file_download/491378530,161
Htr3a-Cre_NO152,475585413,Htr3a-Cre_NO152,Ai14-185347.03.02.01,right,593,"Primary visual area, layer 1",VISp1,385,VISp,1,146.9441681893,7,20,0.9137876027,0.9359725763,492100859,491201506,2.5254074417,0.0086512729,0.3313084495,120.0000076294,9.725434553,32.9784482759,30.3228336165,214.8437947035,4.5879516667,-65.2329788208,5737,5744,/external/mousecelltypes/prod375/specimen_475585413/min_xy_475585413.aff,8721.39,555.458,8085.26,0.0749212911,cre reporter positive,5,1,1,NA,aspiny,/api/v2/well_known_file_download/487661135,/api/v2/well_known_file_download/487613493,/api/v2/well_known_file_download/491382241,147
Scnn1a-Tg3-Cre,486893033,Scnn1a-Tg3-Cre,Ai14-209101.04.01.01,left,721,"Primary visual area, layer 4",VISp4,385,VISp,4,481.9450875372,8,22,0.939655223,0.9004814242,512328468,496453723,2.5208940115,0.0392018113,0.2026180055,70,20.9199814758,94.5194444444,10.5798336615,178.5714328289,4.3271233333,-70.2577819824,7613,7600,/external/mousecelltypes/prod520/specimen_486893033/min_xy_486893033.aff,8466.2,969.325,3287.8,0.4900611506,cre reporter positive,5,1,0,intact,spiny,/api/v2/well_known_file_download/512328634,/api/v2/well_known_file_download/486897109,/api/v2/well_known_file_download/491378225,832
Rorb-IRES2-Cre,479770916,Rorb-IRES2-Cre-D,Ai14-196664.06.02.01,right,433,"Anteromedial visual area, layer 5",VISam5,394,VISam,5,638.9718520266,10,50,0.922203783,0.8634890482,491392812,496573507,2.4905733673,0.0063427881,0.1401785731,170,15.0424318123,90.144,11.0933617323,97.0313251019,6.36692,-67.6262817383,7584,7600,/external/mousecelltypes/prod429/specimen_479770916/min_xy_479770916.aff,7811.13,919.909,7800.51,0.6166195995,cre reporter negative,5,1,0,intact,spiny,/api/v2/well_known_file_download/487686021,/api/v2/well_known_file_download/491384324,/api/v2/well_known_file_download/491384326,639
Ntsr1-Cre_GN220,466632464,Ntsr1-Cre,Ai14-171080.04.02.01,right,33,"Primary visual area, layer 6a",VISp6a,385,VISp,6a,730.8262858294,7,28,0.8655859724,0.8254921191,492413309,491202160,2.4558143506,0.0259065092,0.1622663618,130,17.8252477273,93.429,10.7033148166,172.3437458277,6.0405316667,-72.852104187,11277,7589,/external/mousecelltypes/prod262/specimen_466632464/min_xy_466632464.aff,8705.87,1124.93,7430.11,0.8946189016,cre reporter positive,2,1,0,intact,spiny,/api/v2/well_known_file_download/487660113,/api/v2/well_known_file_download/491383425,/api/v2/well_known_file_download/491383427,300
Nr5a1-Cre,485468180,Nr5a1-Cre,Ai14-202954.03.01.01,left,821,"Primary visual area, layer 2/3",VISp2/3,385,VISp,2/3,327.2901335249,6,25,0.9243888618,0.8910885865,514342447,496160586,2.4464250007,0.0406693969,0.2186046512,40,54.0359864918,65.5535714286,15.2546989921,268.3593630791,1.97783,-66.9598922729,7585,7583,/external/mousecelltypes/prod487/specimen_485468180/min_xy_485468180.aff,8945.55,966.597,3174.85,0.3689914199,cre reporter positive,5,1,0,intact,spiny,/api/v2/well_known_file_download/516477270,/api/v2/well_known_file_download/485484845,/api/v2/well_known_file_download/491384464,274
Rorb-IRES2-Cre,480124551,Rorb-IRES2-Cre-D,Ai14-197352.06.01.01,left,721,"Primary visual area, layer 4",VISp4,385,VISp,4,360.2628076731,5,24,0.9138987156,0.9577596961,491253871,491112360,2.3962109067,0.0649189349,0.1863013818,90,23.2744910341,91.3371428571,10.9484484484,263.4374499321,3.35851,-73.1930770874,5743,5742,/external/mousecelltypes/prod442/specimen_480124551/min_xy_480124551.aff,7981.38,899.686,3009.51,0.3796580552,cre reporter positive,2,1,0,intact,spiny,/api/v2/well_known_file_download/487685991,/api/v2/well_known_file_download/491382636,/api/v2/well_known_file_download/491382640,648
Rbp4-Cre_KL100,486110216,Rbp4-Cre_KL100,Ai14-205727.04.02.01,right,778,"Primary visual area, layer 5",VISp5,385,VISp,5,648.0688835367,9,17,0.9199519049,0.7718284568,496085262,496453676,2.3932422179,,0.044884492,110,23.5713573041,,,335.9377086163,5.3051375,-65.9088363647,9430,9425,/external/mousecelltypes/prod514/specimen_486110216/min_xy_486110216.aff,8224.32,1038.8,7798.13,0.7053357999,cre reporter positive,2,1,0,intact,spiny,/api/v2/well_known_file_download/501080044,/api/v2/well_known_file_download/486115512,/api/v2/well_known_file_download/491378387,538
Sst-IRES-Cre,464198958,Sst-IRES-Cre,Ai14-165865.03.01.01,right,778,"Primary visual area, layer 5",VISp5,385,VISp,5,212.448082326,3,16,0.8977804064,0.8226135953,491119183,491202206,2.3500174063,0.0080075192,0.3255244725,20,23.5896544304,42.8673913043,23.3277549571,358.3533763886,1.7736033333,-66.2410736084,5732,7579,/external/mousecelltypes/prod132/specimen_464198958/min_xy_312954820.aff,9343.07,1807.36,8841.07,0.6539739841,cre reporter positive,2,1,1,NA,aspiny,/api/v2/well_known_file_download/487661130,/api/v2/well_known_file_download/487631014,/api/v2/well_known_file_download/491381124,883
Htr3a-Cre_NO152,474626527,Htr3a-Cre_NO152,Ai14-182004.05.02.01,right,721,"Primary visual area, layer 4",VISp4,385,VISp,4,316.3471286006,4,12,0.9001434353,0.9170578208,491120375,491198300,2.3298410809,0.0356742415,0.5755319271,30.0000019073,20.1737493109,34.7965384615,28.7384907871,344.6874916554,2.7577766667,-62.6112518311,7594,5758,/external/mousecelltypes/prod347/specimen_474626527/min_xy_474626527.aff,8276.37,1010.47,8495.92,0.4200608363,cre reporter positive,2,1,1,NA,aspiny,/api/v2/well_known_file_download/489405315,/api/v2/well_known_file_download/487610113,/api/v2/well_known_file_download/491380834,143
Scnn1a-Tg3-Cre,323834998,Scnn1a-Tg3-Cre,Ai14-172530.03.01.01,right,33,"Primary visual area, layer 6a",VISp6a,385,VISp,6a,304.7539208256,5,31,0.8708381497,0.9133193314,491771139,491201411,2.2913726177,0.0062299763,0.3058333488,90,21.0970990341,58.665625,17.0457572045,192.8124576807,4.5450133333,-73.0367202759,5742,5748,/external/mousecelltypes/prod254/specimen_323834998/min_xy_323834998.aff,9150.36,1716.72,8639.84,0.7570516792,cre reporter positive,5,1,1,NA,aspiny,/api/v2/well_known_file_download/487660655,/api/v2/well_known_file_download/487633654,/api/v2/well_known_file_download/491381034,794
Sst-IRES-Cre,324466858,Sst-IRES-Cre,Ai14-173196.03.02.01,left,778,"Primary visual area, layer 5",VISp5,385,VISp,5,381.0757457976,7,18,0.8920062882,0.9426139339,491458444,491199962,2.2759186572,0.1131628666,0.2257142857,130,23.8657965927,57.6975,17.3317734737,199.3750035763,5.15796,-77.7931594849,7597,5773,/external/mousecelltypes/prod210/specimen_324466858/min_xy_324466858.aff,8872.59,1697.78,2487.76,0.6989155343,cre reporter positive,5,1,0,NA,sparsely spiny,/api/v2/well_known_file_download/487659308,/api/v2/well_known_file_download/487631544,/api/v2/well_known_file_download/491383466,869
Sst-IRES-Cre,475057898,Sst-IRES-Cre,Ai14-183332.05.01.01,left,778,"Primary visual area, layer 5",VISp5,385,VISp,5,328.1575268296,7,21,0.8943503086,0.9022562852,491771292,491202766,2.1410151276,0.0087990362,0.373477421,90,24.9753227551,45.4195238095,22.0169635462,212.4998867512,4.88876,-73.6112442017,11282,7605,/external/mousecelltypes/prod359/specimen_475057898/min_xy_475057898.aff,8538.88,1423.27,2834.11,0.7544917345,cre reporter positive,5,1,1,NA,sparsely spiny,/api/v2/well_known_file_download/489405326,/api/v2/well_known_file_download/491382414,/api/v2/well_known_file_download/491382417,896
Sst-IRES-Cre,466664172,Sst-IRES-Cre,Ai14-179870.04.01.01,left,778,"Primary visual area, layer 5",VISp5,385,VISp,5,155.9597900383,4,12,0.889788927,0.9651177424,491120346,491202409,2.0876312447,0.03617383,0.2721446733,30.0000019073,38.7466495977,39.7744736842,25.1417531741,476.5624403954,1.691635,-66.9524688721,7596,5770,/external/mousecelltypes/prod312/specimen_466664172/min_xy_466664172.aff,8553.77,1374.53,2807.19,0.6726958689,cre reporter positive,2,1,1,NA,aspiny,/api/v2/well_known_file_download/487661112,/api/v2/well_known_file_download/487634496,/api/v2/well_known_file_download/491383007,886
Sst-IRES-Cre,485466109,Sst-IRES-Cre,Ai14-202729.03.02.01,right,821,"Primary visual area, layer 2/3",VISp2/3,385,VISp,2/3,257.7505955038,5,20,0.9265144115,0.9772995254,496079508,491317295,2.0260001477,0.0487088251,0.3075892912,170,13.7579577113,118.3971428571,8.4461497623,147.6562470198,7.2028866667,-65.5030441284,11260,7577,/external/mousecelltypes/prod487/specimen_485466109/min_xy_485466109.aff,8938.52455977,779.505705507,3197.09099419,0.3409344152,cre reporter positive,5,1,1,NA,aspiny,/api/v2/well_known_file_download/496080019,/api/v2/well_known_file_download/485484946,/api/v2/well_known_file_download/491378712,939
Sst-IRES-Cre,464212183,Sst-IRES-Cre,Ai14-165865.05.02.01,left,778,"Primary visual area, layer 5",VISp5,385,VISp,5,326.8482128568,3,17,0.8768576248,1.0559566729,491119539,491202881,1.9156836887,0.0106601917,0.3859908483,70,19.0825501891,50.9122222222,19.6416490256,223.437577486,3.87071,-65.7717132568,7577,7578,/external/mousecelltypes/prod132/specimen_464212183/min_xy_464212183.aff,8285.43,1236.95,3155.81,0.7676835227,cre reporter positive,5,1,1,NA,aspiny,/api/v2/well_known_file_download/487659500,/api/v2/well_known_file_download/487630084,/api/v2/well_known_file_download/491377895,884
Sst-IRES-Cre,478396248,Sst-IRES-Cre,Ai14-192340.03.01.01,left,778,"Primary visual area, layer 5",VISp5,385,VISp,5,300.5333673363,5,10,0.911324709,0.8220256844,491119723,491202645,1.8053073255,0.028792683,0.4800271739,50,45.8889408237,45.1392857143,22.1536513965,422.0313131809,2.9547683333,-66.7581329346,7593,5764,/external/mousecelltypes/prod405/specimen_478396248/min_xy_478396248.aff,9009.37,1361.57,8556.59,0.5770653484,cre reporter positive,5,1,1,NA,aspiny,/api/v2/well_known_file_download/487661721,/api/v2/well_known_file_download/487636555,/api/v2/well_known_file_download/491378761,918
Sst-IRES-Cre,485058595,Sst-IRES-Cre,Ai14-202726.05.02.01,right,721,"Primary visual area, layer 4",VISp4,385,VISp,4,219.4839284594,6,7,0.8878063796,0.878017636,496123887,491316443,1.7695399557,0.0132842672,0.4290909091,50,31.994060852,44.0573809524,22.6976724077,353.5713851452,2.6491533333,-67.0185165405,9439,5764,/external/mousecelltypes/prod492/specimen_485058595/min_xy_485058595.aff,8560.66,989.313,8015.22,0.545651213,cre reporter positive,2,1,1,NA,aspiny,/api/v2/well_known_file_download/496197436,/api/v2/well_known_file_download/485066515,/api/v2/well_known_file_download/491378773,932
Sst-IRES-Cre,324266189,Sst-IRES-Cre,Ai14-173191.06.02.01,right,821,"Primary visual area, layer 2/3",VISp2/3,385,VISp,2/3,185.6494777094,4,11,0.8635018352,0.9406085603,491119814,491199857,1.7641552025,0.0090771914,0.3694327731,70,23.7900689917,47.4734210526,21.0644183172,236.2499982119,3.425805,-67.1558456421,7583,5733,/external/mousecelltypes/prod210/specimen_324266189/min_xy_324266189.aff,8713.16633834,1190.09107003,2449.44346568,0.3543065071,cre reporter positive,2,1,1,NA,sparsely spiny,/api/v2/well_known_file_download/490149876,/api/v2/well_known_file_download/487632867,/api/v2/well_known_file_download/491377987,867
Sst-IRES-Cre,476686112,Sst-IRES-Cre,Ai14-188740.03.02.01,right,821,"Primary visual area, layer 2/3",VISp2/3,385,VISp,2/3,182.7561180485,8,23,0.9109258433,0.932479902,491119371,491216148,1.751767367,0.0156101257,0.3819827586,50,26.9092326635,58.4721875,17.1021479229,240.7812923193,2.619105,-64.784072876,7590,7590,/external/mousecelltypes/prod387/specimen_476686112/min_xy_476686112.aff,9098.7,1069.29,8688.63,0.2419981552,cre reporter positive,5,1,1,NA,aspiny,/api/v2/well_known_file_download/487686145,/api/v2/well_known_file_download/491383476,/api/v2/well_known_file_download/491383483,912
Sst-IRES-Cre,475517090,Sst-IRES-Cre,Ai14-184927.03.02.01,right,778,"Primary visual area, layer 5",VISp5,385,VISp,5,301.9596619917,7,19,0.8980722078,0.8808610887,492100835,491202263,1.7496771501,0.0210236009,0.4836,40,19.7299161199,45.4123809524,22.0204265671,271.0937559605,3.1938966667,-81.6468811035,5741,5737,/external/mousecelltypes/prod365/specimen_475517090/min_xy_475517090.aff,8497.96,1481.26,8748.29,0.6855768771,cre reporter positive,5,1,0,NA,aspiny,/api/v2/well_known_file_download/489405320,/api/v2/well_known_file_download/487635602,/api/v2/well_known_file_download/491382165,903
Sst-IRES-Cre,313862167,Sst-IRES-Cre,Ai14-167638.05.02.01,right,721,"Primary visual area, layer 4",VISp4,385,VISp,4,247.7377914529,5,19,0.9303635226,0.8585552165,501934127,491199184,1.663913212,0.0031204628,0.4130952574,130,12.1855588782,30.7588333333,32.510986004,181.8749606609,6.3026116667,-79.635635376,5748,7583,/external/mousecelltypes/prod132/specimen_313862167/min_xy_313862167.aff,8651.82,1236.94,8883.04,0.3631348948,cre reporter positive,5,1,1,NA,aspiny,/api/v2/well_known_file_download/487660492,/api/v2/well_known_file_download/487629223,/api/v2/well_known_file_download/491382005,851
Sst-IRES-Cre,473564515,Sst-IRES-Cre,Ai14-182533.05.01.01,left,33,"Primary visual area, layer 6a",VISp6a,385,VISp,6a,178.8470829355,5,15,0.9120870663,0.9055824671,491770888,496281385,1.624742875,,0.3898881956,190,12.6415111691,,,143.1249678135,10.727695,-71.6164016724,5765,7592,/external/mousecelltypes/prod344/specimen_473564515/min_xy_473564515.aff,7989.37,1369.34,2993.68,0.8437431239,cre reporter positive,2,1,0,NA,aspiny,/api/v2/well_known_file_download/487661512,/api/v2/well_known_file_download/487635348,/api/v2/well_known_file_download/491376883,892
Sst-IRES-Cre,324493977,Sst-IRES-Cre,Ai14-173196.03.01.01,right,821,"Primary visual area, layer 2/3",VISp2/3,385,VISp,2/3,208.7043616161,6,28,0.9010498054,0.92821677,491770225,491200145,1.5258010764,0.0044407136,0.341699611,119.9999923706,19.8981590321,44.7261904762,22.3582645728,185.9374940395,5.8246216667,-71.8150558472,5759,7604,/external/mousecelltypes/prod198/specimen_324493977/min_xy_324493977.aff,8886.22,920.181,8408.74,0.2392105127,cre reporter positive,5,1,1,NA,aspiny,/api/v2/well_known_file_download/487660947,/api/v2/well_known_file_download/487635281,/api/v2/well_known_file_download/491377868,870
Ntsr1-Cre_GN220,488674910,Ntsr1-Cre,Ai14-212354.03.02.01,right,33,"Primary visual area, layer 6a",VISp6a,385,VISp,6a,240.0659855064,4,15,0.92494771,0.7320028117,496164015,496277115,1.5185603137,0.0255498425,0.5227272248,190,16.1749317495,26.229,38.1257386862,159.8437130451,8.0007466667,-72.7235183716,7588,5749,/external/mousecelltypes/prod544/specimen_488674910/min_xy_488674910.aff,8982.18,1156.04,7720.84,0.773883028,cre reporter negative,2,1,0,NA,aspiny,/api/v2/well_known_file_download/496357019,/api/v2/well_known_file_download/488675792,/api/v2/well_known_file_download/491378244,323
Scnn1a-Tg2-Cre,478888083,Scnn1a-Tg2-Cre,Ai14-193643.04.01.01,left,721,"Primary visual area, layer 4",VISp4,385,VISp,4,237.9289810189,5,13,0.9357779775,0.8769046163,491770925,491317465,1.4735935813,0.0254130689,0.3972625038,70,19.7246604862,59.215625,16.8874346931,205.1562070847,4.5307333333,-70.4922180176,5739,5745,/external/mousecelltypes/prod417/specimen_478888083/min_xy_478888083.aff,8708.12,821.997,3272.54,0.3373746148,cre reporter negative,5,1,1,NA,aspiny,/api/v2/well_known_file_download/489405199,/api/v2/well_known_file_download/487629023,/api/v2/well_known_file_download/491381772,758
Gad2-IRES-Cre,396968721,Gad2-IRES-Cre,Ai14-177637.02.02.01,right,778,"Primary visual area, layer 5",VISp5,385,VISp,5,256.4063635423,6,16,0.8748442892,0.8441415762,491771126,491202591,1.4706092097,0.0323075288,0.5303571429,50,34.0024844053,36.1164285714,27.6882305243,340.7813608646,3.2339825,-71.4138412476,5749,7583,/external/mousecelltypes/prod281/specimen_396968721/min_xy_396968721.aff,8912.91,1382.94,8249.75,0.7407923363,cre reporter positive,2,1,1,NA,aspiny,/api/v2/well_known_file_download/487660920,/api/v2/well_known_file_download/487609880,/api/v2/well_known_file_download/491382179,115
Pvalb-IRES-Cre,469801569,Pvalb-IRES-Cre,Ai14-172096.04.02.01,left,778,"Primary visual area, layer 5",VISp5,385,VISp,5,264.6114497404,7,20,0.8483058848,0.8711632076,491119734,491200164,1.4499706446,0.0027607269,0.8754940711,300,20.9035932759,14.3643478261,69.6168048913,98.4374880791,14.0807633333,-75.5974578857,7617,7596,/external/mousecelltypes/prod132/specimen_469801569/min_xy_321620517.aff,8600.02,999.919,3381.58,0.5752901785,cre reporter positive,2,1,1,NA,aspiny,/api/v2/well_known_file_download/487660646,/api/v2/well_known_file_download/487618584,/api/v2/well_known_file_download/491381295,400
Sst-IRES-Cre,488677994,Sst-IRES-Cre,Ai14-212983.04.02.01,right,821,"Primary visual area, layer 2/3",VISp2/3,385,VISp,2/3,197.7292997278,6,22,0.9417020436,0.9261016605,508278687,500919498,1.4157886907,0.00774559,0.3990551912,160,9.1889367943,30.8896774194,32.3732742956,137.0312869549,7.911465,-72.8742828369,7609,7601,/external/mousecelltypes/prod549/specimen_488677994/min_xy_488677994.aff,8332.48,844.669,8396.41,0.2607693432,cre reporter positive,5,1,0,NA,aspiny,/api/v2/well_known_file_download/508278821,/api/v2/well_known_file_download/488678911,/api/v2/well_known_file_download/491378418,943
Pvalb-IRES-Cre,478058328,Pvalb-IRES-Cre,Ai14-191322.04.02.01,right,33,"Primary visual area, layer 6a",VISp6a,385,VISp,6a,253.922961436,9,15,0.9230718317,0.957058435,491119271,491200715,1.4106494011,0.0001930178,0.7497443243,140,6.3247767223,21.4793333333,46.5563797759,126.0938346386,7.965735,-70.5699081421,5754,5731,/external/mousecelltypes/prod396/specimen_478058328/min_xy_478058328.aff,8826.86,1377.85,8102.2,0.8426240966,cre reporter positive,5,1,1,NA,aspiny,/api/v2/well_known_file_download/487661934,/api/v2/well_known_file_download/487623310,/api/v2/well_known_file_download/491378518,417
Pvalb-IRES-Cre,313861608,Pvalb-IRES-Cre,Ai14-165874.04.02.01,right,565,"posteromedial visual area, layer 5",VISpm5,533,VISpm,5,325.767695598,7,25,0.9094123162,0.8453448529,491119572,491200054,1.405709013,0.0472376081,1.4433650123,290,22.5837160764,11.16875,89.5355344152,81.2499970198,16.60613,-74.6396560669,5738,5744,/external/mousecelltypes/prod132/specimen_313861608/min_xy_313861608.aff,8295.7,820.737,7313.64,0.6345786444,cre reporter positive,5,1,0,NA,aspiny,/api/v2/well_known_file_download/487660673,/api/v2/well_known_file_download/487621552,/api/v2/well_known_file_download/491378755,359
Pvalb-IRES-Cre,478793814,Pvalb-IRES-Cre,Ai14-195045.05.02.01,right,778,"Primary visual area, layer 5",VISp5,385,VISp,5,169.6728753563,5,10,0.8942776017,1.0104860907,491119690,491200804,1.3936629281,0.0031981589,0.716402057,310,7.2941035474,17.3557142857,57.6179109392,67.1876892447,11.8951633333,-78.4479141235,7583,7581,/external/mousecelltypes/prod416/specimen_478793814/min_xy_478793814.aff,8342.73,1338.16,8856.12,0.5322167188,cre reporter positive,5,1,1,NA,aspiny,/api/v2/well_known_file_download/489405404,/api/v2/well_known_file_download/487638048,/api/v2/well_known_file_download/491378767,418
Pvalb-IRES-Cre,484635029,Pvalb-IRES-Cre,Ai14-201791.05.01.01,left,821,"Primary visual area, layer 2/3",VISp2/3,385,VISp,2/3,194.93816748,6,18,0.9155031659,0.8713646059,496079601,491317615,1.3309374363,0.0037626392,0.5627784343,330,4.7510568244,28.0454545455,35.6564019449,67.3439055681,14.6534,-72.9205703735,9448,9442,/external/mousecelltypes/prod483/specimen_484635029/min_xy_484635029.aff,8218.99,716.081,3067.87,0.1782421126,cre reporter positive,5,1,1,NA,aspiny,/api/v2/well_known_file_download/496080020,/api/v2/well_known_file_download/484652671,/api/v2/well_known_file_download/491377755,442
Pvalb-IRES-Cre,341442651,Pvalb-IRES-Cre,Ai14-178310.02.01.01,left,821,"Primary visual area, layer 2/3",VISp2/3,385,VISp,2/3,156.9155896063,9,34,0.9070826395,0.8826369545,513557095,491200482,1.2700652937,-0.0085748428,0.5773544543,350,6.8523108292,29.3043333333,34.1246459568,66.5624216199,15.868245,-82.1176757813,5756,5762,/external/mousecelltypes/prod250/specimen_341442651/min_xy_341442651.aff,8664.76,691.996,3147.67,0.1928292213,cre reporter positive,2,1,1,NA,aspiny,/api/v2/well_known_file_download/487660130,/api/v2/well_known_file_download/487619147,/api/v2/well_known_file_download/491384424,386
Pvalb-IRES-Cre,484742372,Pvalb-IRES-Cre,Ai14-201773.04.01.01,left,778,"Primary visual area, layer 5",VISp5,385,VISp,5,228.843100896,5,14,0.9177755379,0.9758780248,496079436,491317799,1.2678411868,0.0034258705,0.9160714282,170,5.6547379168,16.3288333333,61.2413624162,128.9061754942,8.5371633333,-75.9636688232,5754,7589,/external/mousecelltypes/prod483/specimen_484742372/min_xy_484742372.aff,8715.57,1654.47,2579.11,0.7751723974,cre reporter positive,5,1,1,NA,aspiny,/api/v2/well_known_file_download/496079727,/api/v2/well_known_file_download/484743788,/api/v2/well_known_file_download/491376572,443
Pvalb-IRES-Cre,478828646,Pvalb-IRES-Cre,Ai14-195049.06.01.01,left,33,"Primary visual area, layer 6a",VISp6a,385,VISp,6a,239.3452047045,5,12,0.9221665393,0.8703124038,491119606,491200968,1.2114764514,,1.4189768532,410,7.6127747521,,,112.4999970198,,-71.3283004761,7576,7583,/external/mousecelltypes/prod416/specimen_478828646/min_xy_478828646.aff,8108.22,1191.38,3455.2,0.8762393941,cre reporter positive,5,1,0,NA,aspiny,/api/v2/well_known_file_download/489405409,/api/v2/well_known_file_download/487627206,/api/v2/well_known_file_download/491380687,420
Pvalb-IRES-Cre,330080937,Pvalb-IRES-Cre,Ai14-176847.04.02.01,right,778,"Primary visual area, layer 5",VISp5,385,VISp,5,377.2847672632,4,16,0.9349818506,0.7905498969,491120135,487096965,1.2039924521,,0.9211064556,249.9999847412,5.9054477872,,,123.4375014901,,-81.435874939,5745,3922,/external/mousecelltypes/prod248/specimen_330080937/min_xy_330080937.aff,8433.99,1289.4,8226.79,0.7794473844,cre reporter positive,2,1,1,NA,aspiny,/api/v2/well_known_file_download/487659347,/api/v2/well_known_file_download/483154523,/api/v2/well_known_file_download/491380428,379
Pvalb-IRES-Cre,471087830,Pvalb-IRES-Cre,Ai14-180634.04.01.01,left,33,"Primary visual area, layer 6a",VISp6a,385,VISp,6a,164.3193025224,7,13,0.8888781953,0.7354900741,495335482,491200238,1.1854364033,0.0295126626,1.4045454545,270,6.1945660991,11.2783333333,88.6655829762,138.7945413589,10.9050516667,-75.6486053467,5737,7580,/external/mousecelltypes/prod324/specimen_471087830/min_xy_471087830.aff,8614.32,1457.27,2936.53,0.8000018676,cre reporter positive,5,1,1,NA,aspiny,/api/v2/well_known_file_download/487660399,/api/v2/well_known_file_download/487638353,/api/v2/well_known_file_download/491378543,406
Sst-IRES-Cre,482690728,Sst-IRES-Cre,Ai14-199390.05.01.01,left,778,"Primary visual area, layer 5",VISp5,385,VISp,5,199.0755962182,5,12,0.8981880713,0.8626347411,492101027,491316452,1.184863343,0.0035416952,0.9244526295,110,10.1087040416,15.5334920635,64.3770245552,162.5447124243,6.237605,-70.6075286865,7597,7589,/external/mousecelltypes/prod466/specimen_482690728/min_xy_482690728.aff,8166.48,966.715,3204.82,0.5110024335,cre reporter positive,5,1,1,NA,aspiny,/api/v2/well_known_file_download/489405455,/api/v2/well_known_file_download/484628249,/api/v2/well_known_file_download/491383814,927
Sst-IRES-Cre,476104386,Sst-IRES-Cre,Ai14-187427.04.01.01,left,33,"Primary visual area, layer 6a",VISp6a,385,VISp,6a,292.7226623951,5,17,0.9117078868,0.8998622958,491119896,491202779,1.1790038564,,0.7277200042,190,4.444642889,,,84.3749642372,12.0707766667,-71.2060165405,5751,7598,/external/mousecelltypes/prod382/specimen_476104386/min_xy_476104386.aff,8045.58,1302.95,3213.35,0.8842804946,cre reporter positive,2,1,1,NA,aspiny,/api/v2/well_known_file_download/487661901,/api/v2/well_known_file_download/491384292,/api/v2/well_known_file_download/491384294,911
Pvalb-IRES-Cre,487667205,Pvalb-IRES-Cre,Ai14-212813.03.01.01,left,721,"Primary visual area, layer 4",VISp4,385,VISp,4,194.3087971593,8,5,0.9121449525,0.7806718334,496164001,496195965,1.1575909537,0.0212807293,0.5199999487,249.9999847412,6.778162521,12.2414285714,81.6898121134,111.2500801682,11.983005,-72.4832229614,7597,7598,/external/mousecelltypes/prod534/specimen_487667205/min_xy_487667205.aff,8334.65,1008.66,3170.23,0.5170211747,cre reporter positive,2,1,1,NA,aspiny,/api/v2/well_known_file_download/496357032,/api/v2/well_known_file_download/487667788,/api/v2/well_known_file_download/491377670,470
Pvalb-IRES-Cre,485184849,Pvalb-IRES-Cre,Ai14-202470.03.02.01,right,821,"Primary visual area, layer 2/3",VISp2/3,385,VISp,2/3,214.4663218461,6,21,0.9284607982,0.7639941932,505202172,491317402,1.1261982392,0.0011706215,0.6020089553,330,5.4282609731,21.5631818182,46.3753451801,63.2810592651,14.4198816667,-75.2600326538,7586,5745,/external/mousecelltypes/prod490/specimen_485184849/min_xy_485184849.aff,8679.18,698.836,7909.56,0.2974981811,cre reporter positive,2,1,1,NA,aspiny,/api/v2/well_known_file_download/505202224,/api/v2/well_known_file_download/485203810,/api/v2/well_known_file_download/491383931,452
Pvalb-IRES-Cre,488501071,Pvalb-IRES-Cre,Ai14-212440.05.02.01,right,41,"posteromedial visual area, layer 2/3",VISpm2/3,533,VISpm,2/3,227.2784675899,6,17,0.8862688069,0.873589897,500961633,496276658,1.0558179919,0.0013457593,0.9037947945,390,5.5736846522,20.4914444444,48.8008545572,71.8751177192,15.61867,-80.8073272705,5744,5739,/external/mousecelltypes/prod544/specimen_488501071/min_xy_488501071.aff,8474.95,560.273,7268.37,0.3711274775,cre reporter positive,5,1,1,NA,aspiny,/api/v2/well_known_file_download/501086571,/api/v2/well_known_file_download/488502713,/api/v2/well_known_file_download/491384758,477
